[
    {
        "key": "group_5f3a285472b72",
        "title": "Author Info",
        "fields": [
            {
                "key": "field_5f3a3740d496c",
                "label": "Written by",
                "name": "harry_write_by",
                "aria-label": "",
                "type": "text",
                "instructions": "",
                "required": 0,
                "conditional_logic": 0,
                "wrapper": {
                    "width": "",
                    "class": "",
                    "id": ""
                },
                "default_value": "Written by",
                "placeholder": "",
                "prepend": "",
                "append": "",
                "maxlength": ""
            },
            {
                "key": "field_5f3a28b84077d",
                "label": "Facebook",
                "name": "harry_facebook",
                "aria-label": "",
                "type": "url",
                "instructions": "",
                "required": 0,
                "conditional_logic": 0,
                "wrapper": {
                    "width": "",
                    "class": "",
                    "id": ""
                },
                "default_value": "",
                "placeholder": ""
            },
            {
                "key": "field_5f3a2eb908256",
                "label": "Twitter",
                "name": "harry_twitter",
                "aria-label": "",
                "type": "url",
                "instructions": "",
                "required": 0,
                "conditional_logic": 0,
                "wrapper": {
                    "width": "",
                    "class": "",
                    "id": ""
                },
                "default_value": "",
                "placeholder": ""
            },
            {
                "key": "field_5f3a2eb708255",
                "label": "Linkedin",
                "name": "harry_linkedin",
                "aria-label": "",
                "type": "url",
                "instructions": "",
                "required": 0,
                "conditional_logic": 0,
                "wrapper": {
                    "width": "",
                    "class": "",
                    "id": ""
                },
                "default_value": "",
                "placeholder": ""
            },
            {
                "key": "field_5f3a2eb608254",
                "label": "Instagram",
                "name": "harry_instagram",
                "aria-label": "",
                "type": "url",
                "instructions": "",
                "required": 0,
                "conditional_logic": 0,
                "wrapper": {
                    "width": "",
                    "class": "",
                    "id": ""
                },
                "default_value": "",
                "placeholder": ""
            },
            {
                "key": "field_5f3a2eb408252",
                "label": "Youtube",
                "name": "harry_youtube",
                "aria-label": "",
                "type": "url",
                "instructions": "",
                "required": 0,
                "conditional_logic": 0,
                "wrapper": {
                    "width": "",
                    "class": "",
                    "id": ""
                },
                "default_value": "",
                "placeholder": ""
            }
        ],
        "location": [
            [
                {
                    "param": "user_form",
                    "operator": "==",
                    "value": "all"
                }
            ]
        ],
        "menu_order": 0,
        "position": "normal",
        "style": "default",
        "label_placement": "top",
        "instruction_placement": "label",
        "hide_on_screen": "",
        "active": true,
        "description": "",
        "show_in_rest": 0
    },
    {
        "key": "group_5ee5f5398c424",
        "title": "Gallery Post Formatted",
        "fields": [
            {
                "key": "field_5ee5f56ae8e7a",
                "label": "Gallery Images",
                "name": "gallery_images",
                "aria-label": "",
                "type": "gallery",
                "instructions": "",
                "required": 0,
                "conditional_logic": 0,
                "wrapper": {
                    "width": "",
                    "class": "",
                    "id": ""
                },
                "return_format": "array",
                "preview_size": "medium",
                "insert": "append",
                "library": "all",
                "min": "",
                "max": "",
                "min_width": "",
                "min_height": "",
                "min_size": "",
                "max_width": "",
                "max_height": "",
                "max_size": "",
                "mime_types": ""
            }
        ],
        "location": [
            [
                {
                    "param": "post_format",
                    "operator": "==",
                    "value": "gallery"
                }
            ]
        ],
        "menu_order": 0,
        "position": "normal",
        "style": "default",
        "label_placement": "top",
        "instruction_placement": "label",
        "hide_on_screen": "",
        "active": true,
        "description": "",
        "show_in_rest": 0
    },
    {
        "key": "group_5ee5a1f9c8794",
        "title": "Page Info",
        "fields": [
            {
                "key": "field_63686e3662e9d",
                "label": "Breadcrumb Style",
                "name": "breadcrumb_style",
                "aria-label": "",
                "type": "select",
                "instructions": "Please chose breadcrumb style.",
                "required": 0,
                "conditional_logic": 0,
                "wrapper": {
                    "width": "20",
                    "class": "",
                    "id": ""
                },
                "choices": {
                    "breadcrumb-style-1": "Breadcrumb Style 1",
                    "breadcrumb-style-2": "Breadcrumb Style 2",
                    "breadcrumb-style-3": "Breadcrumb Style 3",
                    "breadcrumb-style-4": "Breadcrumb Style 4",
                    "breadcrumb-style-5": "Breadcrumb Style 5"
                },
                "default_value": false,
                "return_format": "value",
                "multiple": 0,
                "allow_null": 1,
                "ui": 0,
                "ajax": 0,
                "placeholder": ""
            },
            {
                "key": "field_5ee5a2875481b",
                "label": "Hide breadcrumb?",
                "name": "is_it_invisible_breadcrumb",
                "aria-label": "",
                "type": "true_false",
                "instructions": "",
                "required": 0,
                "conditional_logic": 0,
                "wrapper": {
                    "width": "20",
                    "class": "",
                    "id": ""
                },
                "message": "Breadcrumb hide",
                "default_value": 0,
                "ui_on_text": "Yes",
                "ui_off_text": "No",
                "ui": 1
            },
            {
                "key": "field_636880a36e9ab",
                "label": "Hide breadcrumb Background Image?",
                "name": "hide_breadcrumb_background_image",
                "aria-label": "",
                "type": "true_false",
                "instructions": "",
                "required": 0,
                "conditional_logic": 0,
                "wrapper": {
                    "width": "20",
                    "class": "",
                    "id": ""
                },
                "message": "Hide Background Image?",
                "default_value": 0,
                "ui": 1,
                "ui_on_text": "Yes",
                "ui_off_text": "No"
            },
            {
                "key": "field_5ee5a3275481c",
                "label": "Breadcrumb Background Image",
                "name": "breadcrumb_background_image",
                "aria-label": "",
                "type": "image",
                "instructions": "Breadcrumb Background Image",
                "required": 0,
                "conditional_logic": [
                    [
                        {
                            "field": "field_5ee5a2875481b",
                            "operator": "!=",
                            "value": "1"
                        }
                    ]
                ],
                "wrapper": {
                    "width": "20",
                    "class": "",
                    "id": ""
                },
                "return_format": "array",
                "preview_size": "full",
                "library": "all",
                "min_width": "",
                "min_height": "",
                "min_size": "",
                "max_width": "",
                "max_height": "",
                "max_size": "",
                "mime_types": "jpg,png"
            },
            {
                "key": "field_636f6762b6202",
                "label": "Offcanvas Style",
                "name": "offcanvas_style",
                "aria-label": "",
                "type": "select",
                "instructions": "Please chose Offcanvas style.",
                "required": 0,
                "conditional_logic": 0,
                "wrapper": {
                    "width": "20",
                    "class": "",
                    "id": ""
                },
                "choices": {
                    "offcanvas-style-1": "Offcanvas Style 1",
                    "offcanvas-style-2": "Offcanvas Style 2",
                    "offcanvas-style-3": "Offcanvas Style 3",
                    "offcanvas-style-4": "Offcanvas Style 4",
                    "offcanvas-style-5": "Offcanvas Style 5",
                    "offcanvas-style-6": "Offcanvas Style 6",
                    "offcanvas-style-7": "Offcanvas Style 7"
                },
                "default_value": false,
                "return_format": "value",
                "multiple": 0,
                "allow_null": 1,
                "ui": 1,
                "ajax": 0,
                "placeholder": ""
            },
            {
                "key": "field_636f899f55a74",
                "label": "Offcanvas Logo",
                "name": "offcanvas_logo_acf",
                "aria-label": "",
                "type": "image",
                "instructions": "Offcanvas Logo",
                "required": 0,
                "conditional_logic": 0,
                "wrapper": {
                    "width": "20",
                    "class": "",
                    "id": ""
                },
                "return_format": "array",
                "preview_size": "full",
                "library": "all",
                "min_width": "",
                "min_height": "",
                "min_size": "",
                "max_width": "",
                "max_height": "",
                "max_size": "",
                "mime_types": "jpg,png,svg"
            },
            {
                "key": "field_5ee5ba74c315f",
                "label": "Enable Secondary Logo",
                "name": "is_enable_sec_logo",
                "aria-label": "",
                "type": "true_false",
                "instructions": "For Enable Secondary Logo Please Go Here",
                "required": 0,
                "conditional_logic": 0,
                "wrapper": {
                    "width": "20",
                    "class": "",
                    "id": ""
                },
                "message": "",
                "default_value": 0,
                "ui": 0,
                "ui_on_text": "",
                "ui_off_text": ""
            },
            {
                "key": "field_5ee5b7e62edef",
                "label": "Header Style",
                "name": "header_style",
                "aria-label": "",
                "type": "select",
                "instructions": "Please chose header style.",
                "required": 0,
                "conditional_logic": 0,
                "wrapper": {
                    "width": "20",
                    "class": "",
                    "id": ""
                },
                "choices": {
                    "header-style-1": "Header Style 1",
                    "header-style-2": "Header Style 2",
                    "header-style-3": "Header Style 3",
                    "header-style-4": "Header Style 4",
                    "header-style-5": "Header Style 5",
                    "header-style-6": "Header Style 6",
                    "header-style-7": "Header Style 7",
                    "header-style-8": "Header Style 8",
                    "header-style-9": "Header Style 9",
                    "header-style-10": "Header Style 10",
                    "header-style-11": "Header Style 11",
                    "header-style-12": "Header Style 12",
                    "header-style-13": "Header Style 13",
                    "header-style-14": "Header Style 14",
                    "header-style-15": "Header Style 15",
                    "header-style-16": "Header Style 16",
                    "header-style-17": "Header Style 17"
                },
                "default_value": false,
                "return_format": "value",
                "multiple": 0,
                "allow_null": 1,
                "ui": 0,
                "ajax": 0,
                "placeholder": ""
            },
            {
                "key": "field_6367526abbef7",
                "label": "Enable Transparent Header?",
                "name": "is_it_transparent_header",
                "aria-label": "",
                "type": "true_false",
                "instructions": "",
                "required": 0,
                "conditional_logic": 0,
                "wrapper": {
                    "width": "20",
                    "class": "",
                    "id": ""
                },
                "message": "Is it transparent header?",
                "default_value": 0,
                "ui": 1,
                "ui_on_text": "Yes",
                "ui_off_text": "No"
            },
            {
                "key": "field_5efb0ded987fe",
                "label": "Footer Style",
                "name": "footer_style",
                "aria-label": "",
                "type": "select",
                "instructions": "Please chose footer style.",
                "required": 0,
                "conditional_logic": 0,
                "wrapper": {
                    "width": "20",
                    "class": "",
                    "id": ""
                },
                "choices": {
                    "footer-style-1": "Footer Style 1",
                    "footer-style-2": "Footer Style 2",
                    "footer-style-3": "Footer Style 3",
                    "footer-style-4": "Footer Style 4",
                    "footer-style-5": "Footer Style 5",
                    "footer-style-6": "Footer Style 6",
                    "footer-style-7": "Footer Style 7",
                    "footer-style-8": "Footer Style 8",
                    "footer-style-9": "Footer Style 9",
                    "footer-style-12": "Footer Style 12",
                    "footer-style-13": "Footer Style 13",
                    "footer-style-10": "Footer Blank"
                },
                "default_value": false,
                "return_format": "value",
                "multiple": 0,
                "allow_null": 1,
                "ui": 0,
                "ajax": 0,
                "placeholder": ""
            },
            {
                "key": "field_5f0d8782e4a95",
                "label": "Footer BG Image",
                "name": "harry_footer_bg",
                "aria-label": "",
                "type": "image",
                "instructions": "",
                "required": 0,
                "conditional_logic": 0,
                "wrapper": {
                    "width": "20",
                    "class": "",
                    "id": ""
                },
                "return_format": "array",
                "preview_size": "medium",
                "library": "all",
                "min_width": "",
                "min_height": "",
                "min_size": "",
                "max_width": "",
                "max_height": "",
                "max_size": "",
                "mime_types": ""
            },
            {
                "key": "field_63eb2ae17d0b6",
                "label": "Footer Logo",
                "name": "harry_footer_logo",
                "aria-label": "",
                "type": "image",
                "instructions": "",
                "required": 0,
                "conditional_logic": 0,
                "wrapper": {
                    "width": "20",
                    "class": "",
                    "id": ""
                },
                "return_format": "array",
                "library": "all",
                "min_width": "",
                "min_height": "",
                "min_size": "",
                "max_width": "",
                "max_height": "",
                "max_size": "",
                "mime_types": "",
                "preview_size": "medium"
            },
            {
                "key": "field_5f0d88eae4a96",
                "label": "Footer BG Color",
                "name": "harry_footer_bg_color",
                "aria-label": "",
                "type": "color_picker",
                "instructions": "",
                "required": 0,
                "conditional_logic": 0,
                "wrapper": {
                    "width": "20",
                    "class": "",
                    "id": ""
                },
                "default_value": "",
                "enable_opacity": 0,
                "return_format": "string"
            },
            {
                "key": "field_62aaf1b5476b4",
                "label": "Elementor Footer Style",
                "name": "element_footer_styles",
                "aria-label": "",
                "type": "post_object",
                "instructions": "",
                "required": 0,
                "conditional_logic": 0,
                "wrapper": {
                    "width": "20",
                    "class": "",
                    "id": ""
                },
                "post_type": [
                    "e-landing-page",
                    "elementor_library"
                ],
                "taxonomy": "",
                "return_format": "object",
                "multiple": 0,
                "allow_null": 0,
                "ui": 1,
                "bidirectional_target": []
            },
            {
                "key": "field_6369c3e1f56b2",
                "label": "Footer Color",
                "name": "footer_color_change",
                "aria-label": "",
                "type": "true_false",
                "instructions": "Change Footer Style (For footer style 5)",
                "required": 0,
                "conditional_logic": [
                    [
                        {
                            "field": "field_5efb0ded987fe",
                            "operator": "==",
                            "value": "footer-style-4"
                        }
                    ]
                ],
                "wrapper": {
                    "width": "",
                    "class": "",
                    "id": ""
                },
                "message": "",
                "default_value": 0,
                "ui": 1,
                "ui_on_text": "White",
                "ui_off_text": "Black"
            },
            {
                "key": "field_6369daa321aec",
                "label": "Footer Color Blue",
                "name": "footer_color_blue",
                "aria-label": "",
                "type": "true_false",
                "instructions": "",
                "required": 0,
                "conditional_logic": [
                    [
                        {
                            "field": "field_5efb0ded987fe",
                            "operator": "==",
                            "value": "footer-style-6"
                        }
                    ]
                ],
                "wrapper": {
                    "width": "",
                    "class": "",
                    "id": ""
                },
                "message": "",
                "default_value": 0,
                "ui": 1,
                "ui_on_text": "",
                "ui_off_text": ""
            },
            {
                "key": "field_6369dec048c24",
                "label": "Footer Color 2",
                "name": "footer_color_2",
                "aria-label": "",
                "type": "true_false",
                "instructions": "",
                "required": 0,
                "conditional_logic": [
                    [
                        {
                            "field": "field_5efb0ded987fe",
                            "operator": "==",
                            "value": "footer-style-3"
                        }
                    ]
                ],
                "wrapper": {
                    "width": "",
                    "class": "",
                    "id": ""
                },
                "message": "",
                "default_value": 0,
                "ui": 1,
                "ui_on_text": "",
                "ui_off_text": ""
            },
            {
                "key": "field_63cccea44f077",
                "label": "Newsletter Popup Style",
                "name": "newsletter_style",
                "aria-label": "",
                "type": "select",
                "instructions": "",
                "required": 0,
                "conditional_logic": 0,
                "wrapper": {
                    "width": "20",
                    "class": "",
                    "id": ""
                },
                "choices": {
                    "newsletter-style-1": "Newsletter Style 1",
                    "newsletter-style-2": "Newsletter Style 2",
                    "newsletter-style-3": "Newsletter Style 3"
                },
                "default_value": false,
                "return_format": "value",
                "multiple": 0,
                "allow_null": 0,
                "ui": 0,
                "ajax": 0,
                "placeholder": ""
            },
            {
                "key": "field_63ccd07592563",
                "label": "Newsletter Background Image",
                "name": "newsletter_background_image",
                "aria-label": "",
                "type": "image",
                "instructions": "",
                "required": 0,
                "conditional_logic": 0,
                "wrapper": {
                    "width": "20",
                    "class": "",
                    "id": ""
                },
                "return_format": "array",
                "library": "all",
                "min_width": "",
                "min_height": "",
                "min_size": "",
                "max_width": "",
                "max_height": "",
                "max_size": "",
                "mime_types": "",
                "preview_size": "medium"
            },
            {
                "key": "field_63ccec6a7cd59",
                "label": "Newsletter Shorcode",
                "name": "newsletter_shortcode",
                "aria-label": "",
                "type": "text",
                "instructions": "",
                "required": 0,
                "conditional_logic": 0,
                "wrapper": {
                    "width": "20",
                    "class": "",
                    "id": ""
                },
                "default_value": "",
                "maxlength": "",
                "placeholder": "",
                "prepend": "",
                "append": ""
            }
        ],
        "location": [
            [
                {
                    "param": "post_type",
                    "operator": "==",
                    "value": "page"
                }
            ],
            [
                {
                    "param": "post_type",
                    "operator": "==",
                    "value": "portfolio"
                }
            ],
            [
                {
                    "param": "post_type",
                    "operator": "==",
                    "value": "services"
                }
            ],
            [
                {
                    "param": "post_type",
                    "operator": "==",
                    "value": "post"
                }
            ],
            [
                {
                    "param": "post_type",
                    "operator": "==",
                    "value": "etn"
                }
            ],
            [
                {
                    "param": "post_type",
                    "operator": "==",
                    "value": "product"
                }
            ]
        ],
        "menu_order": 0,
        "position": "normal",
        "style": "default",
        "label_placement": "top",
        "instruction_placement": "label",
        "hide_on_screen": "",
        "active": true,
        "description": "",
        "show_in_rest": 0
    },
    {
        "key": "group_5f0ff04d9426c",
        "title": "Portfolio",
        "fields": [
            {
                "key": "field_63b00a0ff2a4e",
                "label": "Add Video ?",
                "name": "add_portfolio_video",
                "aria-label": "",
                "type": "url",
                "instructions": "enter your url",
                "required": 0,
                "conditional_logic": 0,
                "wrapper": {
                    "width": "",
                    "class": "",
                    "id": ""
                },
                "default_value": "",
                "placeholder": "enter your url here"
            }
        ],
        "location": [
            [
                {
                    "param": "post_type",
                    "operator": "==",
                    "value": "portfolio"
                }
            ]
        ],
        "menu_order": 0,
        "position": "normal",
        "style": "default",
        "label_placement": "top",
        "instruction_placement": "label",
        "hide_on_screen": "",
        "active": true,
        "description": "",
        "show_in_rest": 0
    },
    {
        "key": "group_6396a1a3633e2",
        "title": "Post",
        "fields": [
            {
                "key": "field_6396a1abfcc1f",
                "label": "Category Icon",
                "name": "category_icon",
                "aria-label": "",
                "type": "textarea",
                "instructions": "",
                "required": 0,
                "conditional_logic": 0,
                "wrapper": {
                    "width": "",
                    "class": "",
                    "id": ""
                },
                "default_value": "",
                "placeholder": "",
                "maxlength": "",
                "rows": "",
                "new_lines": ""
            }
        ],
        "location": [
            [
                {
                    "param": "taxonomy",
                    "operator": "==",
                    "value": "category"
                }
            ]
        ],
        "menu_order": 0,
        "position": "normal",
        "style": "default",
        "label_placement": "top",
        "instruction_placement": "label",
        "hide_on_screen": "",
        "active": true,
        "description": "",
        "show_in_rest": 0
    },
    {
        "key": "group_5ee5c87c21be4",
        "title": "Post Formatted",
        "fields": [
            {
                "key": "field_5ee5e1f7dfd22",
                "label": "Fromate Link",
                "name": "fromate_style",
                "aria-label": "",
                "type": "text",
                "instructions": "",
                "required": 0,
                "conditional_logic": 0,
                "wrapper": {
                    "width": "",
                    "class": "",
                    "id": ""
                },
                "default_value": "",
                "placeholder": "",
                "prepend": "",
                "append": "",
                "maxlength": ""
            }
        ],
        "location": [
            [
                {
                    "param": "post_format",
                    "operator": "==",
                    "value": "video"
                }
            ],
            [
                {
                    "param": "post_format",
                    "operator": "==",
                    "value": "audio"
                }
            ]
        ],
        "menu_order": 0,
        "position": "normal",
        "style": "default",
        "label_placement": "top",
        "instruction_placement": "label",
        "hide_on_screen": "",
        "active": true,
        "description": "",
        "show_in_rest": false
    },
    {
        "key": "group_63bd13e102855",
        "title": "Post Style",
        "fields": [
            {
                "key": "field_63bd3f9ab24e5",
                "label": "Enable Post Details Style 2",
                "name": "enable_post_details_style_2",
                "aria-label": "",
                "type": "true_false",
                "instructions": "",
                "required": 0,
                "conditional_logic": 0,
                "wrapper": {
                    "width": "20",
                    "class": "",
                    "id": ""
                },
                "message": "Details Style 2",
                "default_value": 0,
                "ui_on_text": "",
                "ui_off_text": "",
                "ui": 1
            },
            {
                "key": "field_63bd4341d37fe",
                "label": "Enable Masonary ?",
                "name": "enable_masonary",
                "aria-label": "",
                "type": "true_false",
                "instructions": "",
                "required": 0,
                "conditional_logic": 0,
                "wrapper": {
                    "width": "20",
                    "class": "",
                    "id": ""
                },
                "message": "Enable Masonary",
                "default_value": 0,
                "ui_on_text": "",
                "ui_off_text": "",
                "ui": 1
            },
            {
                "key": "field_63bd13e1bf39e",
                "label": "Blog Image Height",
                "name": "blog_image_height",
                "aria-label": "",
                "type": "text",
                "instructions": "Standard Size (242)",
                "required": 0,
                "conditional_logic": [
                    [
                        {
                            "field": "field_63bd4341d37fe",
                            "operator": "==",
                            "value": "1"
                        }
                    ]
                ],
                "wrapper": {
                    "width": "20",
                    "class": "",
                    "id": ""
                },
                "default_value": 242,
                "maxlength": "",
                "placeholder": "",
                "prepend": "",
                "append": ""
            }
        ],
        "location": [
            [
                {
                    "param": "post_type",
                    "operator": "==",
                    "value": "post"
                }
            ]
        ],
        "menu_order": 0,
        "position": "normal",
        "style": "default",
        "label_placement": "top",
        "instruction_placement": "label",
        "hide_on_screen": "",
        "active": true,
        "description": "",
        "show_in_rest": 0
    },
    {
        "key": "group_63bb944ca3190",
        "title": "Service",
        "fields": [
            {
                "key": "field_63bb944d2d40a",
                "label": "Service Title Icon",
                "name": "service_title_icon",
                "aria-label": "",
                "type": "textarea",
                "instructions": "",
                "required": 0,
                "conditional_logic": 0,
                "wrapper": {
                    "width": "",
                    "class": "",
                    "id": ""
                },
                "default_value": "<i class=\"fa-solid fa-heart\"><\/i>",
                "maxlength": "",
                "rows": "",
                "placeholder": "",
                "new_lines": ""
            }
        ],
        "location": [
            [
                {
                    "param": "post_type",
                    "operator": "==",
                    "value": "services"
                }
            ]
        ],
        "menu_order": 0,
        "position": "normal",
        "style": "default",
        "label_placement": "top",
        "instruction_placement": "label",
        "hide_on_screen": "",
        "active": true,
        "description": "",
        "show_in_rest": 0
    }
]
