[
    {
        "family": "Titillium Web",
        "variants": [
            "200",
            "200italic",
            "300",
            "300italic",
            "regular",
            "italic",
            "600",
            "600italic",
            "700",
            "700italic",
            "900"
        ],
        "subsets": [
            "latin",
            "latin-ext"
        ],
        "version": "v9",
        "lastModified": "2020-09-10",
        "files": {
            "200": "http://fonts.gstatic.com/s/titilliumweb/v9/NaPDcZTIAOhVxoMyOr9n_E7ffAzHKIx5YrSYqWM.ttf",
            "200italic": "http://fonts.gstatic.com/s/titilliumweb/v9/NaPFcZTIAOhVxoMyOr9n_E7fdMbewI1zZpaduWMmxA.ttf",
            "300": "http://fonts.gstatic.com/s/titilliumweb/v9/NaPDcZTIAOhVxoMyOr9n_E7ffGjEKIx5YrSYqWM.ttf",
            "300italic": "http://fonts.gstatic.com/s/titilliumweb/v9/NaPFcZTIAOhVxoMyOr9n_E7fdMbepI5zZpaduWMmxA.ttf",
            "regular": "http://fonts.gstatic.com/s/titilliumweb/v9/NaPecZTIAOhVxoMyOr9n_E7fRMTsDIRSfr0.ttf",
            "italic": "http://fonts.gstatic.com/s/titilliumweb/v9/NaPAcZTIAOhVxoMyOr9n_E7fdMbmCKZXbr2BsA.ttf",
            "600": "http://fonts.gstatic.com/s/titilliumweb/v9/NaPDcZTIAOhVxoMyOr9n_E7ffBzCKIx5YrSYqWM.ttf",
            "600italic": "http://fonts.gstatic.com/s/titilliumweb/v9/NaPFcZTIAOhVxoMyOr9n_E7fdMbe0IhzZpaduWMmxA.ttf",
            "700": "http://fonts.gstatic.com/s/titilliumweb/v9/NaPDcZTIAOhVxoMyOr9n_E7ffHjDKIx5YrSYqWM.ttf",
            "700italic": "http://fonts.gstatic.com/s/titilliumweb/v9/NaPFcZTIAOhVxoMyOr9n_E7fdMbetIlzZpaduWMmxA.ttf",
            "900": "http://fonts.gstatic.com/s/titilliumweb/v9/NaPDcZTIAOhVxoMyOr9n_E7ffEDBKIx5YrSYqWM.ttf"
        },
        "category": "sans-serif",
        "kind": "webfonts#webfont"
    },
    {
        "family": "Epilogue",
        "variants": [
            "100",
            "100italic",
            "200",
            "200italic",
            "300",
            "300italic",
            "regular",
            "italic",
            "500",
            "500italic",
            "600",
            "600italic",
            "700",
            "700italic",
            "800",
            "800italic",
            "900",
            "900italic"
        ],
        "subsets": [
            "latin",
            "latin-ext"
        ],
        "version": "v2.1",
        "lastModified": "2020-12-28",
        "files": {
            "100": "https://www.1001fonts.com/download/font/epilogue.thin.ttf",
            "100italic": "https://www.1001fonts.com/download/font/epilogue.thin-italic.ttf",
            "200": "https://www.1001fonts.com/download/font/epilogue.extralight.ttf",
            "200italic": "https://www.1001fonts.com/download/font/epilogue.extralight-italic.ttf",
            "300": "https://www.1001fonts.com/download/font/epilogue.light.ttf",
            "300italic": "https://www.1001fonts.com/download/font/epilogue.light-italic.ttf",
            "regular": "https://www.1001fonts.com/download/font/epilogue.regular.ttf",
            "italic": "https://www.1001fonts.com/download/font/epilogue.italic.ttf",
            "500": "https://www.1001fonts.com/download/font/epilogue.medium.ttf",
            "500italic": "https://www.1001fonts.com/download/font/epilogue.medium-italic.ttf",
            "600": "https://www.1001fonts.com/download/font/epilogue.semibold.ttf",
            "600italic": "https://www.1001fonts.com/download/font/epilogue.semibold-italic.ttf",
            "700": "https://www.1001fonts.com/download/font/epilogue.bold.ttf",
            "700italic": "https://www.1001fonts.com/download/font/epilogue.bold-italic.ttf",
            "800": "https://www.1001fonts.com/download/font/epilogue.extrabold.ttf",
            "800italic": "https://www.1001fonts.com/download/font/epilogue.extrabold-italic.ttf",
            "900": "https://www.1001fonts.com/download/font/epilogue.black.ttf",
            "900italic": "https://www.1001fonts.com/download/font/epilogue.black-italic.ttf"
        },
        "category": "sans-serif",
        "kind": "webfonts#webfont"
    },
    {
        "family": "Lato",
        "variants": [
            "100",
            "100italic",
            "300",
            "300italic",
            "regular",
            "italic",
            "700",
            "700italic",
            "900",
            "900italic"
        ],
        "subsets": [
            "latin",
            "latin-ext"
        ],
        "version": "v17",
        "lastModified": "2020-09-15",
        "files": {
            "100": "http://fonts.gstatic.com/s/lato/v17/S6u8w4BMUTPHh30wWyWrFCbw7A.ttf",
            "100italic": "http://fonts.gstatic.com/s/lato/v17/S6u-w4BMUTPHjxsIPy-vNiPg7MU0.ttf",
            "300": "http://fonts.gstatic.com/s/lato/v17/S6u9w4BMUTPHh7USew-FGC_p9dw.ttf",
            "300italic": "http://fonts.gstatic.com/s/lato/v17/S6u_w4BMUTPHjxsI9w2PHA3s5dwt7w.ttf",
            "regular": "http://fonts.gstatic.com/s/lato/v17/S6uyw4BMUTPHvxk6XweuBCY.ttf",
            "italic": "http://fonts.gstatic.com/s/lato/v17/S6u8w4BMUTPHjxswWyWrFCbw7A.ttf",
            "700": "http://fonts.gstatic.com/s/lato/v17/S6u9w4BMUTPHh6UVew-FGC_p9dw.ttf",
            "700italic": "http://fonts.gstatic.com/s/lato/v17/S6u_w4BMUTPHjxsI5wqPHA3s5dwt7w.ttf",
            "900": "http://fonts.gstatic.com/s/lato/v17/S6u9w4BMUTPHh50Xew-FGC_p9dw.ttf",
            "900italic": "http://fonts.gstatic.com/s/lato/v17/S6u_w4BMUTPHjxsI3wiPHA3s5dwt7w.ttf"
        },
        "category": "sans-serif",
        "kind": "webfonts#webfont"
    },
    {
        "family": "Lexend",
        "variants": [
            "100",
            "300",
            "regular",
            "500",
            "600",
            "700",
            "800"
        ],
        "subsets": [
            "latin",
            "latin-ext",
            "vietnamese"
        ],
        "version": "v5",
        "lastModified": "2021-04-20",
        "files": {
            "100": "http://fonts.gstatic.com/s/lexend/v5/wlpygwvFAVdoq2_nmKQR82JHaTBX.ttf",
            "300": "http://fonts.gstatic.com/s/lexend/v5/wlpzgwvFAVdoq2_nUIYx2UxLYClOCg.ttf",
            "regular": "http://fonts.gstatic.com/s/lexend/v5/wlpwgwvFAVdoq2_f_K4V0WdXaQ.ttf",
            "500": "http://fonts.gstatic.com/s/lexend/v5/wlpzgwvFAVdoq2_nCIcx2UxLYClOCg.ttf",
            "600": "http://fonts.gstatic.com/s/lexend/v5/wlpzgwvFAVdoq2_nJIAx2UxLYClOCg.ttf",
            "700": "http://fonts.gstatic.com/s/lexend/v5/wlpzgwvFAVdoq2_nQIEx2UxLYClOCg.ttf",
            "800": "http://fonts.gstatic.com/s/lexend/v5/wlpzgwvFAVdoq2_nXIIx2UxLYClOCg.ttf"
        },
        "category": "sans-serif",
        "kind": "webfonts#webfont"
    },
    {
        "family": "Montserrat",
        "variants": [
            "100",
            "100italic",
            "200",
            "200italic",
            "300",
            "300italic",
            "regular",
            "italic",
            "500",
            "500italic",
            "600",
            "600italic",
            "700",
            "700italic",
            "800",
            "800italic",
            "900",
            "900italic"
        ],
        "subsets": [
            "cyrillic",
            "cyrillic-ext",
            "latin",
            "latin-ext",
            "vietnamese"
        ],
        "version": "v15",
        "lastModified": "2020-09-15",
        "files": {
            "100": "http://fonts.gstatic.com/s/montserrat/v15/JTUQjIg1_i6t8kCHKm45_QphziTn89dtpQ.ttf",
            "100italic": "http://fonts.gstatic.com/s/montserrat/v15/JTUOjIg1_i6t8kCHKm459WxZqi7j0dJ9pTOi.ttf",
            "200": "http://fonts.gstatic.com/s/montserrat/v15/JTURjIg1_i6t8kCHKm45_aZA7g7J_950vCo.ttf",
            "200italic": "http://fonts.gstatic.com/s/montserrat/v15/JTUPjIg1_i6t8kCHKm459WxZBg_D-_xxrCq7qg.ttf",
            "300": "http://fonts.gstatic.com/s/montserrat/v15/JTURjIg1_i6t8kCHKm45_cJD7g7J_950vCo.ttf",
            "300italic": "http://fonts.gstatic.com/s/montserrat/v15/JTUPjIg1_i6t8kCHKm459WxZYgzD-_xxrCq7qg.ttf",
            "regular": "http://fonts.gstatic.com/s/montserrat/v15/JTUSjIg1_i6t8kCHKm45xW5rygbi49c.ttf",
            "italic": "http://fonts.gstatic.com/s/montserrat/v15/JTUQjIg1_i6t8kCHKm459WxhziTn89dtpQ.ttf",
            "500": "http://fonts.gstatic.com/s/montserrat/v15/JTURjIg1_i6t8kCHKm45_ZpC7g7J_950vCo.ttf",
            "500italic": "http://fonts.gstatic.com/s/montserrat/v15/JTUPjIg1_i6t8kCHKm459WxZOg3D-_xxrCq7qg.ttf",
            "600": "http://fonts.gstatic.com/s/montserrat/v15/JTURjIg1_i6t8kCHKm45_bZF7g7J_950vCo.ttf",
            "600italic": "http://fonts.gstatic.com/s/montserrat/v15/JTUPjIg1_i6t8kCHKm459WxZFgrD-_xxrCq7qg.ttf",
            "700": "http://fonts.gstatic.com/s/montserrat/v15/JTURjIg1_i6t8kCHKm45_dJE7g7J_950vCo.ttf",
            "700italic": "http://fonts.gstatic.com/s/montserrat/v15/JTUPjIg1_i6t8kCHKm459WxZcgvD-_xxrCq7qg.ttf",
            "800": "http://fonts.gstatic.com/s/montserrat/v15/JTURjIg1_i6t8kCHKm45_c5H7g7J_950vCo.ttf",
            "800italic": "http://fonts.gstatic.com/s/montserrat/v15/JTUPjIg1_i6t8kCHKm459WxZbgjD-_xxrCq7qg.ttf",
            "900": "http://fonts.gstatic.com/s/montserrat/v15/JTURjIg1_i6t8kCHKm45_epG7g7J_950vCo.ttf",
            "900italic": "http://fonts.gstatic.com/s/montserrat/v15/JTUPjIg1_i6t8kCHKm459WxZSgnD-_xxrCq7qg.ttf"
        },
        "category": "sans-serif",
        "kind": "webfonts#webfont"
    },
    {
        "family": "Oswald",
        "variants": [
            "200",
            "300",
            "regular",
            "500",
            "600",
            "700"
        ],
        "subsets": [
            "cyrillic",
            "cyrillic-ext",
            "latin",
            "latin-ext",
            "vietnamese"
        ],
        "version": "v36",
        "lastModified": "2021-01-30",
        "files": {
            "200": "http://fonts.gstatic.com/s/oswald/v36/TK3_WkUHHAIjg75cFRf3bXL8LICs13FvgUFoZAaRliE.ttf",
            "300": "http://fonts.gstatic.com/s/oswald/v36/TK3_WkUHHAIjg75cFRf3bXL8LICs169vgUFoZAaRliE.ttf",
            "regular": "http://fonts.gstatic.com/s/oswald/v36/TK3_WkUHHAIjg75cFRf3bXL8LICs1_FvgUFoZAaRliE.ttf",
            "500": "http://fonts.gstatic.com/s/oswald/v36/TK3_WkUHHAIjg75cFRf3bXL8LICs18NvgUFoZAaRliE.ttf",
            "600": "http://fonts.gstatic.com/s/oswald/v36/TK3_WkUHHAIjg75cFRf3bXL8LICs1y9ogUFoZAaRliE.ttf",
            "700": "http://fonts.gstatic.com/s/oswald/v36/TK3_WkUHHAIjg75cFRf3bXL8LICs1xZogUFoZAaRliE.ttf"
        },
        "category": "sans-serif",
        "kind": "webfonts#webfont"
    },
    {
        "family": "Playfair Display",
        "variants": [
            "regular",
            "500",
            "600",
            "700",
            "800",
            "900",
            "italic",
            "500italic",
            "600italic",
            "700italic",
            "800italic",
            "900italic"
        ],
        "subsets": [
            "cyrillic",
            "latin",
            "latin-ext",
            "vietnamese"
        ],
        "version": "v22",
        "lastModified": "2021-01-30",
        "files": {
            "regular": "http://fonts.gstatic.com/s/playfairdisplay/v22/nuFvD-vYSZviVYUb_rj3ij__anPXJzDwcbmjWBN2PKdFvUDQZNLo_U2r.ttf",
            "500": "http://fonts.gstatic.com/s/playfairdisplay/v22/nuFvD-vYSZviVYUb_rj3ij__anPXJzDwcbmjWBN2PKd3vUDQZNLo_U2r.ttf",
            "600": "http://fonts.gstatic.com/s/playfairdisplay/v22/nuFvD-vYSZviVYUb_rj3ij__anPXJzDwcbmjWBN2PKebukDQZNLo_U2r.ttf",
            "700": "http://fonts.gstatic.com/s/playfairdisplay/v22/nuFvD-vYSZviVYUb_rj3ij__anPXJzDwcbmjWBN2PKeiukDQZNLo_U2r.ttf",
            "800": "http://fonts.gstatic.com/s/playfairdisplay/v22/nuFvD-vYSZviVYUb_rj3ij__anPXJzDwcbmjWBN2PKfFukDQZNLo_U2r.ttf",
            "900": "http://fonts.gstatic.com/s/playfairdisplay/v22/nuFvD-vYSZviVYUb_rj3ij__anPXJzDwcbmjWBN2PKfsukDQZNLo_U2r.ttf",
            "italic": "http://fonts.gstatic.com/s/playfairdisplay/v22/nuFRD-vYSZviVYUb_rj3ij__anPXDTnCjmHKM4nYO7KN_qiTbtbK-F2rA0s.ttf",
            "500italic": "http://fonts.gstatic.com/s/playfairdisplay/v22/nuFRD-vYSZviVYUb_rj3ij__anPXDTnCjmHKM4nYO7KN_pqTbtbK-F2rA0s.ttf",
            "600italic": "http://fonts.gstatic.com/s/playfairdisplay/v22/nuFRD-vYSZviVYUb_rj3ij__anPXDTnCjmHKM4nYO7KN_naUbtbK-F2rA0s.ttf",
            "700italic": "http://fonts.gstatic.com/s/playfairdisplay/v22/nuFRD-vYSZviVYUb_rj3ij__anPXDTnCjmHKM4nYO7KN_k-UbtbK-F2rA0s.ttf",
            "800italic": "http://fonts.gstatic.com/s/playfairdisplay/v22/nuFRD-vYSZviVYUb_rj3ij__anPXDTnCjmHKM4nYO7KN_iiUbtbK-F2rA0s.ttf",
            "900italic": "http://fonts.gstatic.com/s/playfairdisplay/v22/nuFRD-vYSZviVYUb_rj3ij__anPXDTnCjmHKM4nYO7KN_gGUbtbK-F2rA0s.ttf"
        },
        "category": "serif",
        "kind": "webfonts#webfont"
    },
    {
        "family": "Poppins",
        "variants": [
            "100",
            "100italic",
            "200",
            "200italic",
            "300",
            "300italic",
            "regular",
            "italic",
            "500",
            "500italic",
            "600",
            "600italic",
            "700",
            "700italic",
            "800",
            "800italic",
            "900",
            "900italic"
        ],
        "subsets": [
            "devanagari",
            "latin",
            "latin-ext"
        ],
        "version": "v15",
        "lastModified": "2020-11-06",
        "files": {
            "100": "http://fonts.gstatic.com/s/poppins/v15/pxiGyp8kv8JHgFVrLPTed3FBGPaTSQ.ttf",
            "100italic": "http://fonts.gstatic.com/s/poppins/v15/pxiAyp8kv8JHgFVrJJLmE3tFOvODSVFF.ttf",
            "200": "http://fonts.gstatic.com/s/poppins/v15/pxiByp8kv8JHgFVrLFj_V1tvFP-KUEg.ttf",
            "200italic": "http://fonts.gstatic.com/s/poppins/v15/pxiDyp8kv8JHgFVrJJLmv1plEN2PQEhcqw.ttf",
            "300": "http://fonts.gstatic.com/s/poppins/v15/pxiByp8kv8JHgFVrLDz8V1tvFP-KUEg.ttf",
            "300italic": "http://fonts.gstatic.com/s/poppins/v15/pxiDyp8kv8JHgFVrJJLm21llEN2PQEhcqw.ttf",
            "regular": "http://fonts.gstatic.com/s/poppins/v15/pxiEyp8kv8JHgFVrFJDUc1NECPY.ttf",
            "italic": "http://fonts.gstatic.com/s/poppins/v15/pxiGyp8kv8JHgFVrJJLed3FBGPaTSQ.ttf",
            "500": "http://fonts.gstatic.com/s/poppins/v15/pxiByp8kv8JHgFVrLGT9V1tvFP-KUEg.ttf",
            "500italic": "http://fonts.gstatic.com/s/poppins/v15/pxiDyp8kv8JHgFVrJJLmg1hlEN2PQEhcqw.ttf",
            "600": "http://fonts.gstatic.com/s/poppins/v15/pxiByp8kv8JHgFVrLEj6V1tvFP-KUEg.ttf",
            "600italic": "http://fonts.gstatic.com/s/poppins/v15/pxiDyp8kv8JHgFVrJJLmr19lEN2PQEhcqw.ttf",
            "700": "http://fonts.gstatic.com/s/poppins/v15/pxiByp8kv8JHgFVrLCz7V1tvFP-KUEg.ttf",
            "700italic": "http://fonts.gstatic.com/s/poppins/v15/pxiDyp8kv8JHgFVrJJLmy15lEN2PQEhcqw.ttf",
            "800": "http://fonts.gstatic.com/s/poppins/v15/pxiByp8kv8JHgFVrLDD4V1tvFP-KUEg.ttf",
            "800italic": "http://fonts.gstatic.com/s/poppins/v15/pxiDyp8kv8JHgFVrJJLm111lEN2PQEhcqw.ttf",
            "900": "http://fonts.gstatic.com/s/poppins/v15/pxiByp8kv8JHgFVrLBT5V1tvFP-KUEg.ttf",
            "900italic": "http://fonts.gstatic.com/s/poppins/v15/pxiDyp8kv8JHgFVrJJLm81xlEN2PQEhcqw.ttf"
        },
        "category": "sans-serif",
        "kind": "webfonts#webfont"
    },
    {
        "family": "Quicksand",
        "variants": [
            "300",
            "regular",
            "500",
            "600",
            "700"
        ],
        "subsets": [
            "latin",
            "latin-ext",
            "vietnamese"
        ],
        "version": "v22",
        "lastModified": "2021-01-30",
        "files": {
            "300": "http://fonts.gstatic.com/s/quicksand/v22/6xK-dSZaM9iE8KbpRA_LJ3z8mH9BOJvgkKEo18G0wx40QDw.ttf",
            "regular": "http://fonts.gstatic.com/s/quicksand/v22/6xK-dSZaM9iE8KbpRA_LJ3z8mH9BOJvgkP8o18G0wx40QDw.ttf",
            "500": "http://fonts.gstatic.com/s/quicksand/v22/6xK-dSZaM9iE8KbpRA_LJ3z8mH9BOJvgkM0o18G0wx40QDw.ttf",
            "600": "http://fonts.gstatic.com/s/quicksand/v22/6xK-dSZaM9iE8KbpRA_LJ3z8mH9BOJvgkCEv18G0wx40QDw.ttf",
            "700": "http://fonts.gstatic.com/s/quicksand/v22/6xK-dSZaM9iE8KbpRA_LJ3z8mH9BOJvgkBgv18G0wx40QDw.ttf"
        },
        "category": "sans-serif",
        "kind": "webfonts#webfont"
    },
    {
        "family": "Raleway",
        "variants": [
            "100",
            "200",
            "300",
            "regular",
            "500",
            "600",
            "700",
            "800",
            "900",
            "100italic",
            "200italic",
            "300italic",
            "italic",
            "500italic",
            "600italic",
            "700italic",
            "800italic",
            "900italic"
        ],
        "subsets": [
            "cyrillic",
            "cyrillic-ext",
            "latin",
            "latin-ext",
            "vietnamese"
        ],
        "version": "v19",
        "lastModified": "2021-01-30",
        "files": {
            "100": "http://fonts.gstatic.com/s/raleway/v19/1Ptxg8zYS_SKggPN4iEgvnHyvveLxVvao4CPNLA3JC9c.ttf",
            "200": "http://fonts.gstatic.com/s/raleway/v19/1Ptxg8zYS_SKggPN4iEgvnHyvveLxVtaooCPNLA3JC9c.ttf",
            "300": "http://fonts.gstatic.com/s/raleway/v19/1Ptxg8zYS_SKggPN4iEgvnHyvveLxVuEooCPNLA3JC9c.ttf",
            "regular": "http://fonts.gstatic.com/s/raleway/v19/1Ptxg8zYS_SKggPN4iEgvnHyvveLxVvaooCPNLA3JC9c.ttf",
            "500": "http://fonts.gstatic.com/s/raleway/v19/1Ptxg8zYS_SKggPN4iEgvnHyvveLxVvoooCPNLA3JC9c.ttf",
            "600": "http://fonts.gstatic.com/s/raleway/v19/1Ptxg8zYS_SKggPN4iEgvnHyvveLxVsEpYCPNLA3JC9c.ttf",
            "700": "http://fonts.gstatic.com/s/raleway/v19/1Ptxg8zYS_SKggPN4iEgvnHyvveLxVs9pYCPNLA3JC9c.ttf",
            "800": "http://fonts.gstatic.com/s/raleway/v19/1Ptxg8zYS_SKggPN4iEgvnHyvveLxVtapYCPNLA3JC9c.ttf",
            "900": "http://fonts.gstatic.com/s/raleway/v19/1Ptxg8zYS_SKggPN4iEgvnHyvveLxVtzpYCPNLA3JC9c.ttf",
            "100italic": "http://fonts.gstatic.com/s/raleway/v19/1Pt_g8zYS_SKggPNyCgSQamb1W0lwk4S4WjNPrQVIT9c2c8.ttf",
            "200italic": "http://fonts.gstatic.com/s/raleway/v19/1Pt_g8zYS_SKggPNyCgSQamb1W0lwk4S4ejMPrQVIT9c2c8.ttf",
            "300italic": "http://fonts.gstatic.com/s/raleway/v19/1Pt_g8zYS_SKggPNyCgSQamb1W0lwk4S4TbMPrQVIT9c2c8.ttf",
            "italic": "http://fonts.gstatic.com/s/raleway/v19/1Pt_g8zYS_SKggPNyCgSQamb1W0lwk4S4WjMPrQVIT9c2c8.ttf",
            "500italic": "http://fonts.gstatic.com/s/raleway/v19/1Pt_g8zYS_SKggPNyCgSQamb1W0lwk4S4VrMPrQVIT9c2c8.ttf",
            "600italic": "http://fonts.gstatic.com/s/raleway/v19/1Pt_g8zYS_SKggPNyCgSQamb1W0lwk4S4bbLPrQVIT9c2c8.ttf",
            "700italic": "http://fonts.gstatic.com/s/raleway/v19/1Pt_g8zYS_SKggPNyCgSQamb1W0lwk4S4Y_LPrQVIT9c2c8.ttf",
            "800italic": "http://fonts.gstatic.com/s/raleway/v19/1Pt_g8zYS_SKggPNyCgSQamb1W0lwk4S4ejLPrQVIT9c2c8.ttf",
            "900italic": "http://fonts.gstatic.com/s/raleway/v19/1Pt_g8zYS_SKggPNyCgSQamb1W0lwk4S4cHLPrQVIT9c2c8.ttf"
        },
        "category": "sans-serif",
        "kind": "webfonts#webfont"
    },
    {
        "family": "Roboto",
        "variants": [
            "100",
            "100italic",
            "300",
            "300italic",
            "regular",
            "italic",
            "500",
            "500italic",
            "700",
            "700italic",
            "900",
            "900italic"
        ],
        "subsets": [
            "cyrillic",
            "cyrillic-ext",
            "greek",
            "greek-ext",
            "latin",
            "latin-ext",
            "vietnamese"
        ],
        "version": "v27",
        "lastModified": "2021-04-05",
        "files": {
            "100": "http://fonts.gstatic.com/s/roboto/v27/KFOkCnqEu92Fr1MmgWxPKTM1K9nz.ttf",
            "100italic": "http://fonts.gstatic.com/s/roboto/v27/KFOiCnqEu92Fr1Mu51QrIzcXLsnzjYk.ttf",
            "300": "http://fonts.gstatic.com/s/roboto/v27/KFOlCnqEu92Fr1MmSU5vAx05IsDqlA.ttf",
            "300italic": "http://fonts.gstatic.com/s/roboto/v27/KFOjCnqEu92Fr1Mu51TjARc9AMX6lJBP.ttf",
            "regular": "http://fonts.gstatic.com/s/roboto/v27/KFOmCnqEu92Fr1Me5WZLCzYlKw.ttf",
            "italic": "http://fonts.gstatic.com/s/roboto/v27/KFOkCnqEu92Fr1Mu52xPKTM1K9nz.ttf",
            "500": "http://fonts.gstatic.com/s/roboto/v27/KFOlCnqEu92Fr1MmEU9vAx05IsDqlA.ttf",
            "500italic": "http://fonts.gstatic.com/s/roboto/v27/KFOjCnqEu92Fr1Mu51S7ABc9AMX6lJBP.ttf",
            "700": "http://fonts.gstatic.com/s/roboto/v27/KFOlCnqEu92Fr1MmWUlvAx05IsDqlA.ttf",
            "700italic": "http://fonts.gstatic.com/s/roboto/v27/KFOjCnqEu92Fr1Mu51TzBhc9AMX6lJBP.ttf",
            "900": "http://fonts.gstatic.com/s/roboto/v27/KFOlCnqEu92Fr1MmYUtvAx05IsDqlA.ttf",
            "900italic": "http://fonts.gstatic.com/s/roboto/v27/KFOjCnqEu92Fr1Mu51TLBBc9AMX6lJBP.ttf"
        },
        "category": "sans-serif",
        "kind": "webfonts#webfont"
    },
    {
        "family": "Bad Script",
        "variants": [
            "regular"
        ],
        "subsets": [
            "latin",
            "latin-ext"
        ],
        "version": "v9",
        "lastModified": "2020-09-10",
        "files": {
            "regular": "https://fontmeme.com/fonts/bad-script-font/"
        },
        "category": "sans-serif",
        "kind": "webfonts#webfont"
    },
    {
        "family": "Playwrite ES",
        "variants": [
            "regular"
        ],
        "subsets": [
            "latin",
            "latin-ext"
        ],
        "version": "v9",
        "lastModified": "2020-09-10",
        "files": {
            "regular": "https://fontmeme.com/fonts/espana-font/"
        },
        "category": "sans-serif",
        "kind": "webfonts#webfont"
    },
    {
        "family": "Bebas Neue",
        "variants": [
            "regular"
        ],
        "subsets": [
            "latin",
            "latin-ext"
        ],
        "version": "v9",
        "lastModified": "2020-09-10",
        "files": {
            "regular": "https://dl.dafont.com/dl/?f=bebas_neue"
        },
        "category": "sans-serif",
        "kind": "webfonts#webfont"
    },
    {
        "family": "Cabin",
        "variants": [
            "regular"
        ],
        "subsets": [
            "latin",
            "latin-ext"
        ],
        "version": "v9",
        "lastModified": "2020-09-10",
        "files": {
            "regular": "https://fonts.googleapis.com/css2?family=Lora:ital,wght@0,400..700;1,400..700&display=swap"
        },
        "category": "sans-serif",
        "kind": "webfonts#webfont"
    },
    {
        "family": "Lora",
        "variants": [
            "regular"
        ],
        "subsets": [
            "latin",
            "latin-ext"
        ],
        "version": "v9",
        "lastModified": "2020-09-10",
        "files": {
            "regular": "https://fonts.googleapis.com/css2?family=Lora:ital,wght@0,400..700;1,400..700&display=swap"
        },
        "category": "sans-serif",
        "kind": "webfonts#webfont"
    }
]   


