{
	"settings": {
		"appearanceTools": true,
		"color": {
			"background": true,
			"custom": true,
			"customDuotone": true,
			"customGradient": true,
			"defaultDuotone": true,
			"defaultGradients": true,
			"defaultPalette": true,
			"duotone": [],
			"gradients": [],
			"palette": [
				{
					"color": "#f3f2ee",
					"name": "Base",
					"slug": "base"
				},
				{
					"color": "#ce2d13",
					"name": "Contrast",
					"slug": "contrast"
				},
				{
					"color": "#3d3d31",
					"name": "Primary",
					"slug": "primary"
				},
				{
					"color": "#fcfcfa",
					"name": "Secondary",
					"slug": "secondary"
				}
			],
			"text": true
		},
		"layout": {
			"contentSize": "620px",
			"wideSize": "2000px"
		},
		"shadow": {
			"defaultPresets": true,
			"presets": []
		},
		"spacing": {
			"customSpacingSize": true,
			"spacingScale": {
				"increment": 1.5,
				"mediumStep": 1.5,
				"operator": "*",
				"steps": 0,
				"unit": "rem"
			},
			"spacingSizes": [
				{
					"name": "1",
					"size": "0.25rem",
					"slug": "30"
				},
				{
					"name": "2",
					"size": "1rem",
					"slug": "40"
				},
				{
					"name": "3",
					"size": "clamp(1.25rem, 4.19vw, 1.75rem)",
					"slug": "50"
				},
				{
					"name": "4",
					"size": "clamp(1.75rem, 4.19vw, 3.5rem)",
					"slug": "60"
				},
				{
					"name": "5",
					"size": "clamp(3rem, 6.59vw, 5.5rem)",
					"slug": "70"
				},
				{
					"name": "6",
					"size": "clamp(4.5rem, 10.78vw, 9rem)",
					"slug": "80"
				}
			],
			"units": [
				"%",
				"px",
				"em",
				"rem",
				"vh",
				"vw"
			]
		},
		"typography": {
			"customFontSize": true,
			"dropCap": true,
			"fluid": true,
			"fontFamilies": [
				{
					"fontFace": [
						{
							"fontFamily": "Jost",
							"fontStyle": "normal",
							"fontWeight": "300",
							"src": [
								"file:./assets/fonts/jost_normal_300.ttf"
							]
						},
						{
							"fontFamily": "Jost",
							"fontStyle": "normal",
							"fontWeight": "400",
							"src": [
								"file:./assets/fonts/jost_normal_400.ttf"
							]
						},
						{
							"fontFamily": "Jost",
							"fontStyle": "normal",
							"fontWeight": "500",
							"src": [
								"file:./assets/fonts/jost_normal_500.ttf"
							]
						},
						{
							"fontFamily": "Jost",
							"fontStyle": "normal",
							"fontWeight": "600",
							"src": [
								"file:./assets/fonts/jost_normal_600.ttf"
							]
						},
						{
							"fontFamily": "Jost",
							"fontStyle": "normal",
							"fontWeight": "700",
							"src": [
								"file:./assets/fonts/jost_normal_700.ttf"
							]
						},
						{
							"fontFamily": "Jost",
							"fontStyle": "italic",
							"fontWeight": "300",
							"src": [
								"file:./assets/fonts/jost_italic_300.ttf"
							]
						},
						{
							"fontFamily": "Jost",
							"fontStyle": "italic",
							"fontWeight": "400",
							"src": [
								"file:./assets/fonts/jost_italic_400.ttf"
							]
						},
						{
							"fontFamily": "Jost",
							"fontStyle": "italic",
							"fontWeight": "500",
							"src": [
								"file:./assets/fonts/jost_italic_500.ttf"
							]
						},
						{
							"fontFamily": "Jost",
							"fontStyle": "italic",
							"fontWeight": "600",
							"src": [
								"file:./assets/fonts/jost_italic_600.ttf"
							]
						},
						{
							"fontFamily": "Jost",
							"fontStyle": "italic",
							"fontWeight": "700",
							"src": [
								"file:./assets/fonts/jost_italic_700.ttf"
							]
						}
					],
					"fontFamily": "Jost",
					"slug": "jost"
				},
				{
					"fontFace": [
						{
							"fontFamily": "Lucette",
							"fontStyle": "normal",
							"fontWeight": "400",
							"src": [
								"file:./assets/fonts/lucette_normal_400.otf"
							]
						},
						{
							"fontFamily": "Lucette",
							"fontStyle": "italic",
							"fontWeight": "400",
							"src": [
								"file:./assets/fonts/lucette_italic_400.otf"
							]
						}
					],
					"fontFamily": "Lucette",
					"slug": "lucette"
				},
				{
					"fontFace": [
						{
							"fontFamily": "Junicode",
							"fontStyle": "normal",
							"fontWeight": "400",
							"src": [
								"file:./assets/fonts/junicode_normal_400.ttf"
							]
						},
						{
							"fontFamily": "Junicode",
							"fontStyle": "italic",
							"fontWeight": "400",
							"src": [
								"file:./assets/fonts/junicode_italic_400.ttf"
							]
						}
					],
					"fontFamily": "Junicode",
					"slug": "junicode"
				},
				{
					"fontFace": [
						{
							"fontFamily": "Source Code Pro",
							"fontStyle": "normal",
							"fontWeight": "300",
							"src": [
								"file:./assets/fonts/source-code-pro_normal_300.ttf"
							]
						},
						{
							"fontFamily": "Source Code Pro",
							"fontStyle": "normal",
							"fontWeight": "400",
							"src": [
								"file:./assets/fonts/source-code-pro_normal_400.ttf"
							]
						},
						{
							"fontFamily": "Source Code Pro",
							"fontStyle": "normal",
							"fontWeight": "500",
							"src": [
								"file:./assets/fonts/source-code-pro_normal_500.ttf"
							]
						},
						{
							"fontFamily": "Source Code Pro",
							"fontStyle": "normal",
							"fontWeight": "600",
							"src": [
								"file:./assets/fonts/source-code-pro_normal_600.ttf"
							]
						},
						{
							"fontFamily": "Source Code Pro",
							"fontStyle": "normal",
							"fontWeight": "700",
							"src": [
								"file:./assets/fonts/source-code-pro_normal_700.ttf"
							]
						},
						{
							"fontFamily": "Source Code Pro",
							"fontStyle": "italic",
							"fontWeight": "300",
							"src": [
								"file:./assets/fonts/source-code-pro_italic_300.ttf"
							]
						},
						{
							"fontFamily": "Source Code Pro",
							"fontStyle": "italic",
							"fontWeight": "400",
							"src": [
								"file:./assets/fonts/source-code-pro_italic_400.ttf"
							]
						},
						{
							"fontFamily": "Source Code Pro",
							"fontStyle": "italic",
							"fontWeight": "500",
							"src": [
								"file:./assets/fonts/source-code-pro_italic_500.ttf"
							]
						},
						{
							"fontFamily": "Source Code Pro",
							"fontStyle": "italic",
							"fontWeight": "600",
							"src": [
								"file:./assets/fonts/source-code-pro_italic_600.ttf"
							]
						},
						{
							"fontFamily": "Source Code Pro",
							"fontStyle": "italic",
							"fontWeight": "700",
							"src": [
								"file:./assets/fonts/source-code-pro_italic_700.ttf"
							]
						}
					],
					"fontFamily": "Source Code Pro",
					"slug": "source-code-pro"
				}
			],
			"fontSizes": [
				{
					"fluid": false,
					"name": "Extra Small",
					"size": "0.72rem",
					"slug": "x-small"
				},
				{
					"fluid": {
						"max": "0.9rem",
						"min": "0.72rem"
					},
					"name": "Small",
					"size": "0.9rem",
					"slug": "small"
				},
				{
					"fluid": {
						"max": "1.125rem",
						"min": "0.9rem"
					},
					"name": "Medium",
					"size": "1.125rem",
					"slug": "medium"
				},
				{
					"fluid": {
						"max": "1.406rem",
						"min": "1.125rem"
					},
					"name": "Large",
					"size": "1.406rem",
					"slug": "large"
				},
				{
					"fluid": {
						"max": "1.758rem",
						"min": "1.406rem"
					},
					"name": "Extra Large",
					"size": "1.944rem",
					"slug": "x-large"
				},
				{
					"fluid": {
						"max": "2.747rem",
						"min": "2.197rem"
					},
					"name": "Double Extra Large",
					"size": "2.747rem",
					"slug": "xx-large"
				},
				{
					"fluid": {
						"max": "4.292rem",
						"min": "2.197rem"
					},
					"name": "Triple Extra Large",
					"size": "4.292rem",
					"slug": "xxx-large"
				},
				{
					"fluid": {
						"max": "6.706rem",
						"min": "2.747rem"
					},
					"name": "Quadruple Extra Large",
					"size": "6.706rem",
					"slug": "xxxx-large"
				}
			],
			"fontStyle": true,
			"fontWeight": true,
			"letterSpacing": true,
			"textDecoration": true,
			"textTransform": true
		},
		"useRootPaddingAwareAlignments": true
	},
	"styles": {
		"blocks": {
			"core/archives": {
				"elements": {
					"link": {
						":hover": {
							"typography": {
								"textDecoration": "underline"
							}
						},
						"typography": {
							"textDecoration": "none"
						}
					}
				}
			},
			"core/avatar": {
				"border": {
					"radius": "999px"
				}
			},
			"core/button": {
				"spacing": {
					"padding": {
						"bottom": "1.3rem",
						"left": "1.4rem",
						"right": "1.4rem",
						"top": "1.3rem"
					}
				},
				"typography": {
					"fontFamily": "var(--wp--preset--font-family--lucette)",
					"fontSize": "var(--wp--preset--font-size--x-large)",
					"letterSpacing": "-0.01em",
					"textTransform": "none"
				},
				"variations": {
					"outline": {
						"border": {
							"bottom": {
								"color": "var(--wp--preset--color--primary)",
								"style": "solid",
								"width": "1px"
							},
							"left": {
								"color": "var(--wp--preset--color--primary)",
								"style": "solid",
								"width": "1px"
							},
							"right": {
								"color": "var(--wp--preset--color--primary)",
								"style": "solid",
								"width": "1px"
							},
							"top": {
								"color": "var(--wp--preset--color--primary)",
								"style": "solid",
								"width": "1px"
							}
						},
						"spacing": {
							"padding": {
								"bottom": "1.3rem",
								"left": "1.4rem",
								"right": "1.4rem",
								"top": "1.3rem"
							}
						}
					}
				}
			},
			"core/buttons": {
				"spacing": {
					"blockGap": "var(--wp--preset--spacing--40)"
				}
			},
			"core/calendar": {
				"css": ".wp-block-calendar table:where(:not(.has-text-color)) {color: var(--wp--preset--color--contrast);} .wp-block-calendar table:where(:not(.has-text-color)) td,.wp-block-calendar table:where(:not(.has-text-color)) th {border-color: var(--wp--preset--color--contrast);}:where(.wp-block-calendar table:not(.has-background) th) {background-color: var(--wp--preset--color--contrast);color: var(--wp--preset--color--base);}"
			},
			"core/categories": {
				"elements": {
					"link": {
						":hover": {
							"typography": {
								"textDecoration": "underline"
							}
						},
						"typography": {
							"textDecoration": "none"
						}
					}
				}
			},
			"core/code": {
				"border": {
					"bottom": {
						"style": "none",
						"width": "0px"
					},
					"color": "var(--wp--preset--color--contrast)",
					"left": {
						"style": "none",
						"width": "0px"
					},
					"radius": "0",
					"right": {
						"style": "none",
						"width": "0px"
					},
					"style": "solid",
					"top": {
						"style": "none",
						"width": "0px"
					},
					"width": "1px"
				},
				"color": {
					"background": "var(--wp--preset--color--secondary)"
				},
				"spacing": {
					"padding": {
						"bottom": "var(--wp--preset--spacing--60)",
						"left": "var(--wp--preset--spacing--60)",
						"right": "var(--wp--preset--spacing--60)",
						"top": "var(--wp--preset--spacing--60)"
					}
				},
				"typography": {
					"fontFamily": "monospace",
					"fontSize": "var(--wp--preset--font-size--medium)"
				}
			},
			"core/comment-author-name": {
				"elements": {
					"link": {
						":hover": {
							"typography": {
								"textDecoration": "underline"
							}
						},
						"typography": {
							"textDecoration": "none"
						}
					}
				},
				"typography": {
					"fontSize": "var(--wp--preset--font-size--small)"
				}
			},
			"core/comment-date": {
				"elements": {
					"link": {
						":hover": {
							"typography": {
								"textDecoration": "underline"
							}
						},
						"typography": {
							"textDecoration": "none"
						}
					}
				},
				"typography": {
					"fontSize": "var(--wp--preset--font-size--small)"
				}
			},
			"core/comment-edit-link": {
				"elements": {
					"link": {
						":hover": {
							"typography": {
								"textDecoration": "underline"
							}
						},
						"typography": {
							"textDecoration": "none"
						}
					}
				},
				"typography": {
					"fontSize": "var(--wp--preset--font-size--small)"
				}
			},
			"core/comment-reply-link": {
				"elements": {
					"link": {
						":hover": {
							"border": {
								"color": "var(--wp--preset--color--primary)"
							},
							"color": {
								"background": "var(--wp--preset--color--primary)",
								"text": "var(--wp--preset--color--base)"
							}
						},
						"border": {
							"color": "var(--wp--preset--color--primary)",
							"radius": "0",
							"style": "solid",
							"width": "1px"
						},
						"spacing": {
							"padding": "0.375rem 1.125rem"
						},
						"typography": {
							"fontSize": "var(--wp--preset--font-size--small)",
							"letterSpacing": "0.04em",
							"textDecoration": "none",
							"textTransform": "uppercase"
						}
					}
				},
				"typography": {
					"fontSize": "var(--wp--preset--font-size--small)",
					"fontWeight": "500"
				}
			},
			"core/comments-pagination": {
				"elements": {
					"link": {
						":hover": {
							"typography": {
								"textDecoration": "underline"
							}
						},
						"typography": {
							"textDecoration": "none"
						}
					}
				}
			},
			"core/comments-title": {
				"spacing": {
					"margin": {
						"bottom": "0",
						"top": "var(--wp--preset--spacing--50)"
					}
				},
				"typography": {
					"fontSize": "var(--wp--preset--font-size--large)"
				}
			},
			"core/cover": {
				"spacing": {
					"padding": "var(--wp--preset--spacing--50)"
				}
			},
			"core/details": {
				"typography": {
					"fontSize": "var(--wp--preset--font-size--x-large)",
					"fontStyle": "normal",
					"fontWeight": "300"
				}
			},
			"core/footnotes": {
				"elements": {
					"link": {
						":hover": {
							"typography": {
								"textDecoration": "underline"
							}
						},
						"typography": {
							"textDecoration": "none"
						}
					}
				}
			},
			"core/heading": {
				"typography": {
					"letterSpacing": "-0.01em",
					"lineHeight": "1.1"
				}
			},
			"core/image": {
				"css": " .wp-element-caption{text-align:center;}"
			},
			"core/latest-comments": {
				"css": " .wp-block-latest-comments__comment-date,.wp-block-latest-comments__comment-excerpt p{font-size: inherit;}.wp-block-latest-comments__comment-excerpt p{margin:0 0 var(--wp--style--block-gap)}",
				"elements": {
					"link": {
						":hover": {
							"typography": {
								"textDecoration": "underline"
							}
						},
						"typography": {
							"textDecoration": "none"
						}
					}
				},
				"spacing": {
					"padding": {
						"left": "0px"
					}
				}
			},
			"core/latest-posts": {
				"css": " .wp-block-latest-posts__post-author,.wp-block-latest-posts__post-date {font-size: inherit;}.wp-block-latest-posts__post-excerpt{margin:0 0 var(--wp--style--block-gap)}",
				"elements": {
					"link": {
						":hover": {
							"typography": {
								"textDecoration": "underline"
							}
						},
						"typography": {
							"textDecoration": "none"
						}
					}
				}
			},
			"core/list": {
				"spacing": {
					"padding": {
						"left": "var(--wp--preset--spacing--40)"
					}
				}
			},
			"core/navigation": {
				"css": ".wp-block-navigation:not(.has-background) .wp-block-navigation__submenu-container {border-color:var(--wp--preset--color--contrast);}",
				"elements": {
					"link": {
						"typography": {
							"textDecoration": "none"
						}
					}
				},
				"typography": {
					"fontFamily": "var(--wp--preset--font-family--lucette)",
					"fontSize": "var(--wp--preset--font-size--x-large)",
					"fontWeight": "500",
					"letterSpacing": "-0.01em",
					"textTransform": "none"
				}
			},
			"core/page-list": {
				"elements": {
					"link": {
						":hover": {
							"typography": {
								"textDecoration": "underline"
							}
						},
						"typography": {
							"textDecoration": "none"
						}
					}
				}
			},
			"core/paragraph": {
				"typography": {
					"letterSpacing": "0.02em",
					"lineHeight": "calc(1em + 0.625rem)"
				}
			},
			"core/post-author": {
				"css": ".wp-block-post-author .wp-block-post-author__byline, .wp-block-post-author .wp-block-post-author__bio {font-size:inherit;} .wp-block-post-author__avatar img {vertical-align:middle;} .wp-block-post-author__bio {margin:0;} .wp-block-post-author__avatar img {border-radius: 999px;}",
				"elements": {
					"link": {
						":hover": {
							"typography": {
								"textDecoration": "underline"
							}
						},
						"typography": {
							"textDecoration": "none"
						}
					}
				},
				"typography": {
					"fontSize": "var(--wp--preset--font-size--small)"
				}
			},
			"core/post-author-name": {
				"elements": {
					"link": {
						":hover": {
							"typography": {
								"textDecoration": "underline"
							}
						},
						"typography": {
							"textDecoration": "none"
						}
					}
				},
				"typography": {
					"fontSize": "var(--wp--preset--font-size--small)",
					"fontStyle": "normal",
					"fontWeight": "400",
					"letterSpacing": "0.04em",
					"textTransform": "uppercase"
				}
			},
			"core/post-comments-form": {
				"css": ".wp-block-post-comments-form .comment-form input:not([type=submit]):not([type=checkbox]), .wp-block-post-comments-form .comment-form textarea {line-height: inherit;} .wp-block-post-comments-form .form-submit {margin-bottom: 0;} .wp-block-post-comments-form .comment-form > *{margin-top:var(--wp--style--block-gap);margin-bottom:0} .wp-block-post-comments-form .comment-reply-title{font-size:var(--wp--preset--font-size--x-large)}"
			},
			"core/post-date": {
				"elements": {
					"link": {
						":hover": {
							"typography": {
								"textDecoration": "underline"
							}
						},
						"typography": {
							"textDecoration": "none"
						}
					}
				},
				"typography": {
					"fontSize": "var(--wp--preset--font-size--small)",
					"fontStyle": "normal",
					"fontWeight": "400",
					"letterSpacing": "0.04em",
					"textTransform": "uppercase"
				}
			},
			"core/post-excerpt": {
				"css": ".wp-block-post-excerpt .wp-block-post-excerpt__excerpt{line-height: inherit;}"
			},
			"core/post-navigation-link": {
				"elements": {
					"link": {
						":hover": {
							"typography": {
								"textDecoration": "underline"
							}
						},
						"typography": {
							"textDecoration": "none"
						}
					}
				}
			},
			"core/post-terms": {
				"elements": {
					"link": {
						":hover": {
							"typography": {
								"textDecoration": "underline"
							}
						},
						"typography": {
							"textDecoration": "none"
						}
					}
				},
				"typography": {
					"fontSize": "var(--wp--preset--font-size--small)"
				}
			},
			"core/post-time-to-read": {
				"typography": {
					"fontSize": "var(--wp--preset--font-size--small)"
				}
			},
			"core/post-title": {
				"elements": {
					"link": {
						":hover": {
							"typography": {
								"textDecoration": "underline"
							}
						},
						"typography": {
							"textDecoration": "none"
						}
					}
				},
				"typography": {
					"fontSize": "var(--wp--preset--font-size--x-large)",
					"fontStyle": "normal",
					"fontWeight": "500",
					"lineHeight": "1.137656428"
				}
			},
			"core/pullquote": {
				"border": {
					"bottom": {
						"color": "var(--wp--preset--color--primary)",
						"style": "solid",
						"width": "1px 0"
					},
					"color": "var(--wp--preset--color--contrast)",
					"left": {
						"color": "var(--wp--preset--color--primary)",
						"style": "solid",
						"width": "1px 0"
					},
					"right": {
						"color": "var(--wp--preset--color--primary)",
						"style": "solid",
						"width": "1px 0"
					},
					"style": "solid",
					"top": {
						"color": "var(--wp--preset--color--primary)",
						"style": "solid",
						"width": "1px 0"
					},
					"width": "1px 0"
				},
				"css": ".wp-block-pullquote cite {display:block;margin-top: var(--wp--preset--spacing--50)}",
				"spacing": {
					"padding": "var(--wp--preset--spacing--50)"
				},
				"typography": {
					"fontSize": "var(--wp--preset--font-size--x-large)",
					"fontStyle": "normal",
					"fontWeight": "400"
				}
			},
			"core/query-pagination": {
				"css": ".wp-block-query-pagination .wp-block-query-pagination-next, .wp-block-query-pagination .wp-block-query-pagination-previous, .wp-block-query-pagination .wp-block-query-pagination-numbers {margin-bottom:0;}",
				"elements": {
					"link": {
						":hover": {
							"typography": {
								"textDecoration": "underline"
							}
						},
						"typography": {
							"textDecoration": "none"
						}
					}
				}
			},
			"core/query-title": {
				"typography": {
					"fontSize": "var(--wp--preset--font-size--xxx-large)",
					"lineHeight": "1.05"
				}
			},
			"core/quote": {
				"border": {
					"color": "var(--wp--preset--color--contrast)",
					"style": "solid",
					"width": "0 0 0 1px"
				},
				"spacing": {
					"padding": {
						"left": "var(--wp--preset--spacing--50)"
					}
				},
				"typography": {
					"fontStyle": "italic"
				},
				"variations": {
					"plain": {
						"border": {
							"width": "0"
						},
						"spacing": {
							"padding": {
								"left": "0"
							}
						},
						"typography": {
							"fontStyle": "normal"
						}
					}
				}
			},
			"core/read-more": {
				"typography": {
					"fontSize": "var(--wp--preset--font-size--small)"
				}
			},
			"core/rss": {
				"elements": {
					"link": {
						":hover": {
							"typography": {
								"textDecoration": "underline"
							}
						},
						"typography": {
							"textDecoration": "none"
						}
					}
				}
			},
			"core/search": {
				"css": " :where(.wp-block-search__button-inside .wp-block-search__inside-wrapper){padding:2px;} :where(.wp-block-search__button-inside .wp-block-search__inside-wrapper) .wp-element-button.has-icon {padding:0.75rem} ",
				"typography": {
					"fontFamily": "var(--wp--preset--font-family--lucette)",
					"fontSize": "var(--wp--preset--font-size--x-large)",
					"letterSpacing": "0px",
					"lineHeight": "1",
					"textTransform": "none"
				}
			},
			"core/separator": {
				"border": {
					"color": "currentColor",
					"style": "solid",
					"width": "0 0 1px 0"
				},
				"color": {
					"background": "var(--wp--preset--color--primary)",
					"text": "var(--wp--preset--color--contrast)"
				}
			},
			"core/site-tagline": {
				"typography": {
					"fontSize": "var(--wp--preset--font-size--small)"
				}
			},
			"core/site-title": {
				"color": {
					"text": "var(--wp--preset--color--primary)"
				},
				"elements": {
					"link": {
						":hover": {
							"color": {
								"text": "var(--wp--preset--color--primary)"
							}
						},
						"color": {
							"text": "var(--wp--preset--color--primary)"
						},
						"typography": {
							"textDecoration": "none"
						}
					}
				},
				"typography": {
					"fontFamily": "var(--wp--preset--font-family--lucette)",
					"fontSize": "var(--wp--preset--font-size--xx-large)",
					"fontStyle": "normal",
					"fontWeight": "500",
					"letterSpacing": "-0.01em",
					"lineHeight": "0.9",
					"textTransform": "none"
				}
			},
			"core/social-links": {
				"spacing": {
					"blockGap": {
						"left": "var(--wp--preset--spacing--40)",
						"top": "var(--wp--preset--spacing--40)"
					}
				}
			},
			"core/table": {
				"css": " thead{border-bottom-width: 1px;} .wp-block-table tfoot{border-top-width: 1px;} .wp-block-table .wp-element-caption{text-align:center;}"
			},
			"core/tag-cloud": {
				"css": ".wp-block-tag-cloud.is-style-outline a {border-radius: 999px; padding: 0 1rem;} .wp-block-tag-cloud.is-style-outline a:hover {color: var(--wp--preset--color--base); background-color: var(--wp--preset--color--contrast);}"
			},
			"core/term-description": {
				"css": ".wp-block-term-description p:first-child {margin-top: 0;} .wp-block-term-description p:last-child {margin-bottom: 0;}",
				"typography": {
					"fontSize": "var(--wp--preset--font-size--small)"
				}
			}
		},
		"color": {
			"background": "var(--wp--preset--color--base)",
			"text": "var(--wp--preset--color--primary)"
		},
		"elements": {
			"button": {
				":active": {
					"color": {
						"background": "var(--wp--preset--color--contrast)",
						"text": "var(--wp--preset--color--primary)"
					}
				},
				":focus": {
					"color": {
						"background": "var(--wp--preset--color--contrast)",
						"text": "var(--wp--preset--color--primary)"
					}
				},
				":hover": {
					"color": {
						"background": "var(--wp--preset--color--primary)",
						"text": "var(--wp--preset--color--secondary)"
					}
				},
				"border": {
					"radius": "0"
				},
				"color": {
					"background": "var(--wp--preset--color--contrast)",
					"text": "var(--wp--preset--color--secondary)"
				},
				"spacing": {
					"padding": {
						"bottom": "1.0625rem",
						"left": "2.125rem",
						"right": "2.125rem",
						"top": "1.0625rem"
					}
				},
				"typography": {
					"fontSize": "var(--wp--preset--font-size--small)",
					"fontWeight": "500",
					"letterSpacing": "0.04em",
					"lineHeight": "1",
					"textTransform": "uppercase"
				}
			},
			"caption": {
				"color": {
					"text": "var(--wp--preset--color--primary)"
				},
				"spacing": {
					"margin": {
						"bottom": "var(--wp--preset--spacing--50)",
						"top": "var(--wp--preset--spacing--30)"
					},
					"padding": {
						"left": "var(--wp--preset--spacing--50)",
						"right": "var(--wp--preset--spacing--50)"
					}
				},
				"typography": {
					"fontSize": "var(--wp--preset--font-size--small)"
				}
			},
			"h1": {
				"typography": {
					"fontSize": "var(--wp--preset--font-size--xx-large)",
					"lineHeight": "1.0011"
				}
			},
			"h2": {
				"typography": {
					"fontSize": "var(--wp--preset--font-size--x-large)",
					"lineHeight": "1.27987"
				}
			},
			"h3": {
				"typography": {
					"fontSize": "var(--wp--preset--font-size--large)",
					"lineHeight": "1.42248"
				}
			},
			"h4": {
				"typography": {
					"fontSize": "var(--wp--preset--font-size--medium)",
					"lineHeight": "1.5556"
				}
			},
			"h5": {
				"typography": {
					"fontSize": "var(--wp--preset--font-size--small)",
					"lineHeight": "1.66667"
				}
			},
			"h6": {
				"typography": {
					"fontSize": "var(--wp--preset--font-size--x-small)",
					"lineHeight": "1.73611"
				}
			},
			"heading": {
				"typography": {
					"fontFamily": "var(--wp--preset--font-family--lucette)",
					"fontStyle": "normal",
					"fontWeight": "400",
					"letterSpacing": "-0.01em",
					"lineHeight": "1.2"
				}
			},
			"link": {
				":hover": {
					"color": {
						"text": "var(--wp--preset--color--primary)"
					},
					"typography": {
						"textDecoration": "none"
					}
				},
				"color": {
					"text": "var(--wp--preset--color--primary)"
				}
			}
		},
		"spacing": {
			"blockGap": "var(--wp--preset--spacing--50)",
			"padding": {
				"bottom": "0",
				"left": "var(--wp--preset--spacing--60)",
				"right": "var(--wp--preset--spacing--60)",
				"top": "0"
			}
		},
		"typography": {
			"fontFamily": "var(--wp--preset--font-family--jost)",
			"fontSize": "1.38rem",
			"fontStyle": "normal",
			"fontWeight": "300",
			"lineHeight": "1.5"
		}
	},
	"templateParts": [
		{
			"area": "uncategorized",
			"name": "comments"
		},
		{
			"area": "header",
			"name": "header"
		},
		{
			"area": "header",
			"name": "header-front-page"
		},
		{
			"area": "footer",
			"name": "footer"
		},
		{
			"area": "uncategorized",
			"name": "time-to-read"
		}
	],
	"version": 2,
	"$schema": "https://schemas.wp.org/trunk/theme.json"
}